{"cameraMode":{"drawMode":0,"name":"Shaded","section":"Shading Mode"},"sceneLighting":true,"audioPlay":false,"sceneViewState":{"showFog":true,"showMaterialUpdate":false,"showSkybox":true,"showFlares":true,"showImageEffects":true,"showParticleSystems":true},"in2DMode":false,"pivot":{"x":882.7608642578125,"y":648.1300659179688,"z":305.00543212890627},"rotation":{"x":-0.10599654912948609,"y":0.0750928446650505,"z":-0.0080266697332263,"w":-0.9915064573287964},"size":807.783935546875,"orthographic":true}