{"cameraMode":{"drawMode":0,"name":"Shaded","section":"Shading Mode"},"sceneLighting":true,"audioPlay":false,"sceneViewState":{"showFog":true,"showMaterialUpdate":false,"showSkybox":true,"showFlares":true,"showImageEffects":true,"showParticleSystems":true},"in2DMode":false,"pivot":{"x":-1.5760231018066407,"y":0.43453216552734377,"z":17.102062225341798},"rotation":{"x":0.1307678371667862,"y":0.36264073848724368,"z":-0.051474012434482577,"w":0.9212791323661804},"size":45.275001525878909,"orthographic":true}